{
  "seed": 20251005,
  "n_draws": 10000,
  "tau2_method": "REML",
  "delta": 5.0,
  "P_effect_gt_delta": 0.0,
  "mu_hat": -1.448247,
  "mu_CI95": [
    -2.155536,
    -0.740959
  ],
  "var_mu": 0.13022104,
  "mu_se": 0.360862,
  "I2": 95.5,
  "tau2": 0.47746267,
  "tau": 0.690987,
  "n_studies": 4,
  "total_n": 568,
  "benefit_direction": 1,
  "environment": "Python 3.11, NumPy 1.24.0, SciPy 1.11.0",
  "policy_fingerprint": "sha256:tervyx_v1_generated_entries"
}