{
  "seed": 20251005,
  "n_draws": 10000,
  "tau2_method": "REML",
  "delta": 5.0,
  "P_effect_gt_delta": 0.0,
  "mu_hat": -1.780834,
  "mu_CI95": [
    -2.551547,
    -1.010121
  ],
  "var_mu": 0.15462282,
  "mu_se": 0.393221,
  "I2": 97.6,
  "tau2": 0.29401103,
  "tau": 0.542228,
  "n_studies": 2,
  "total_n": 295,
  "benefit_direction": 1,
  "environment": "Python 3.11, NumPy 1.24.0, SciPy 1.11.0",
  "policy_fingerprint": "sha256:tervyx_v1_generated_entries"
}