{
  "seed": 20251005,
  "n_draws": 10000,
  "tau2_method": "REML",
  "delta": 2.0,
  "P_effect_gt_delta": 0.8763,
  "mu_hat": 2.571082,
  "mu_CI95": [
    1.603038,
    3.539126
  ],
  "var_mu": 0.2439371,
  "mu_se": 0.4939,
  "I2": 99.3,
  "tau2": 1.19892062,
  "tau": 1.094952,
  "n_studies": 5,
  "total_n": 755,
  "benefit_direction": -1,
  "environment": "Python 3.11, NumPy 1.24.0, SciPy 1.11.0",
  "policy_fingerprint": "sha256:tervyx_v1_generated_entries"
}