{
  "seed": 20251005,
  "n_draws": 10000,
  "tau2_method": "REML",
  "delta": 5.0,
  "P_effect_gt_delta": 0.0005,
  "mu_hat": 1.338641,
  "mu_CI95": [
    -0.878899,
    3.556181
  ],
  "var_mu": 1.28006134,
  "mu_se": 1.131398,
  "I2": 99.7,
  "tau2": 6.3462537,
  "tau": 2.519177,
  "n_studies": 5,
  "total_n": 747,
  "benefit_direction": 1,
  "environment": "Python 3.11, NumPy 1.24.0, SciPy 1.11.0",
  "policy_fingerprint": "sha256:tervyx_v1_generated_entries"
}