{
  "seed": 20251005,
  "n_draws": 10000,
  "tau2_method": "REML",
  "delta": 2.0,
  "P_effect_gt_delta": 0.9494,
  "mu_hat": 2.592779,
  "mu_CI95": [
    1.883668,
    3.301891
  ],
  "var_mu": 0.13089314,
  "mu_se": 0.361792,
  "I2": 97.6,
  "tau2": 0.62212226,
  "tau": 0.788747,
  "n_studies": 5,
  "total_n": 585,
  "benefit_direction": -1,
  "environment": "Python 3.11, NumPy 1.24.0, SciPy 1.11.0",
  "policy_fingerprint": "sha256:tervyx_v1_generated_entries"
}