{
  "seed": 20251005,
  "n_draws": 10000,
  "tau2_method": "REML",
  "delta": 2.0,
  "P_effect_gt_delta": 1.0,
  "mu_hat": 3.078493,
  "mu_CI95": [
    2.64763,
    3.509355
  ],
  "var_mu": 0.04832424,
  "mu_se": 0.219828,
  "I2": 82.9,
  "tau2": 0.1461812,
  "tau": 0.382337,
  "n_studies": 4,
  "total_n": 754,
  "benefit_direction": -1,
  "environment": "Python 3.11, NumPy 1.24.0, SciPy 1.11.0",
  "policy_fingerprint": "sha256:tervyx_v1_generated_entries"
}