{
  "seed": 20251005,
  "n_draws": 10000,
  "tau2_method": "REML",
  "delta": 2.0,
  "P_effect_gt_delta": 1.0,
  "mu_hat": 3.028306,
  "mu_CI95": [
    2.602223,
    3.454388
  ],
  "var_mu": 0.04725797,
  "mu_se": 0.217389,
  "I2": 87.2,
  "tau2": 0.15308934,
  "tau": 0.391266,
  "n_studies": 4,
  "total_n": 768,
  "benefit_direction": -1,
  "environment": "Python 3.11, NumPy 1.24.0, SciPy 1.11.0",
  "policy_fingerprint": "sha256:tervyx_v1_generated_entries"
}