{
  "seed": 20251005,
  "n_draws": 10000,
  "tau2_method": "REML",
  "delta": 2.0,
  "P_effect_gt_delta": 1.0,
  "mu_hat": 3.550842,
  "mu_CI95": [
    3.271231,
    3.830454
  ],
  "var_mu": 0.0203516,
  "mu_se": 0.142659,
  "I2": 61.9,
  "tau2": 0.03150293,
  "tau": 0.177491,
  "n_studies": 3,
  "total_n": 363,
  "benefit_direction": -1,
  "environment": "Python 3.11, NumPy 1.24.0, SciPy 1.11.0",
  "policy_fingerprint": "sha256:tervyx_v1_generated_entries"
}