{
  "seed": 20251005,
  "n_draws": 10000,
  "tau2_method": "REML",
  "delta": 2.0,
  "P_effect_gt_delta": 0.9999,
  "mu_hat": 3.042908,
  "mu_CI95": [
    2.514387,
    3.571428
  ],
  "var_mu": 0.07271293,
  "mu_se": 0.269653,
  "I2": 92.6,
  "tau2": 0.25820582,
  "tau": 0.50814,
  "n_studies": 4,
  "total_n": 552,
  "benefit_direction": -1,
  "environment": "Python 3.11, NumPy 1.24.0, SciPy 1.11.0",
  "policy_fingerprint": "sha256:tervyx_v1_generated_entries"
}