{
  "seed": 20251005,
  "n_draws": 10000,
  "tau2_method": "REML",
  "delta": 5.0,
  "P_effect_gt_delta": 0.0,
  "mu_hat": 0.057454,
  "mu_CI95": [
    -0.776257,
    0.891166
  ],
  "var_mu": 0.18093371,
  "mu_se": 0.425363,
  "I2": 81.3,
  "tau2": 0.24598683,
  "tau": 0.495971,
  "n_studies": 2,
  "total_n": 249,
  "benefit_direction": 1,
  "environment": "Python 3.11, NumPy 1.24.0, SciPy 1.11.0",
  "policy_fingerprint": "sha256:tervyx_v1_generated_entries"
}