{
  "seed": 20251005,
  "n_draws": 10000,
  "tau2_method": "REML",
  "delta": 2.0,
  "P_effect_gt_delta": 1.0,
  "mu_hat": 3.284239,
  "mu_CI95": [
    2.95439,
    3.614087
  ],
  "var_mu": 0.0283215,
  "mu_se": 0.16829,
  "I2": 43.1,
  "tau2": 0.02805176,
  "tau": 0.167487,
  "n_studies": 3,
  "total_n": 453,
  "benefit_direction": -1,
  "environment": "Python 3.11, NumPy 1.24.0, SciPy 1.11.0",
  "policy_fingerprint": "sha256:tervyx_v1_generated_entries"
}