{
  "seed": 20251005,
  "n_draws": 10000,
  "tau2_method": "REML",
  "delta": 5.0,
  "P_effect_gt_delta": 0.0,
  "mu_hat": -0.469904,
  "mu_CI95": [
    -2.005865,
    1.066058
  ],
  "var_mu": 0.61411316,
  "mu_se": 0.783654,
  "I2": 98.9,
  "tau2": 3.01779476,
  "tau": 1.73718,
  "n_studies": 5,
  "total_n": 722,
  "benefit_direction": 1,
  "environment": "Python 3.11, NumPy 1.24.0, SciPy 1.11.0",
  "policy_fingerprint": "sha256:tervyx_v1_generated_entries"
}