{
  "seed": 20251005,
  "n_draws": 10000,
  "tau2_method": "REML",
  "delta": 5.0,
  "P_effect_gt_delta": 0.0,
  "mu_hat": -0.476751,
  "mu_CI95": [
    -1.84057,
    0.887068
  ],
  "var_mu": 0.48417396,
  "mu_se": 0.695826,
  "I2": 99.2,
  "tau2": 2.37561782,
  "tau": 1.541304,
  "n_studies": 5,
  "total_n": 821,
  "benefit_direction": 1,
  "environment": "Python 3.11, NumPy 1.24.0, SciPy 1.11.0",
  "policy_fingerprint": "sha256:tervyx_v1_generated_entries"
}