{
  "seed": 20251005,
  "n_draws": 10000,
  "tau2_method": "REML",
  "delta": 2.0,
  "P_effect_gt_delta": 1.0,
  "mu_hat": 3.075193,
  "mu_CI95": [
    2.618356,
    3.532029
  ],
  "var_mu": 0.05432614,
  "mu_se": 0.23308,
  "I2": 78.1,
  "tau2": 0.15406339,
  "tau": 0.392509,
  "n_studies": 4,
  "total_n": 609,
  "benefit_direction": -1,
  "environment": "Python 3.11, NumPy 1.24.0, SciPy 1.11.0",
  "policy_fingerprint": "sha256:tervyx_v1_generated_entries"
}