{
  "seed": 20251005,
  "n_draws": 10000,
  "tau2_method": "REML",
  "delta": 5.0,
  "P_effect_gt_delta": 0.0,
  "mu_hat": -1.424871,
  "mu_CI95": [
    -2.127796,
    -0.721945
  ],
  "var_mu": 0.12861923,
  "mu_se": 0.358635,
  "I2": 98.0,
  "tau2": 0.49104035,
  "tau": 0.700743,
  "n_studies": 4,
  "total_n": 642,
  "benefit_direction": 1,
  "environment": "Python 3.11, NumPy 1.24.0, SciPy 1.11.0",
  "policy_fingerprint": "sha256:tervyx_v1_generated_entries"
}