{
  "seed": 20251005,
  "n_draws": 10000,
  "tau2_method": "REML",
  "delta": 5.0,
  "P_effect_gt_delta": 0.0,
  "mu_hat": -0.039905,
  "mu_CI95": [
    -0.547987,
    0.468177
  ],
  "var_mu": 0.06719795,
  "mu_se": 0.259226,
  "I2": 95.2,
  "tau2": 0.17612563,
  "tau": 0.419673,
  "n_studies": 3,
  "total_n": 380,
  "benefit_direction": 1,
  "environment": "Python 3.11, NumPy 1.24.0, SciPy 1.11.0",
  "policy_fingerprint": "sha256:tervyx_v1_generated_entries"
}