{
  "seed": 20251005,
  "n_draws": 10000,
  "tau2_method": "REML",
  "delta": 2.0,
  "P_effect_gt_delta": 1.0,
  "mu_hat": 3.072306,
  "mu_CI95": [
    2.626382,
    3.51823
  ],
  "var_mu": 0.05176184,
  "mu_se": 0.227512,
  "I2": 82.1,
  "tau2": 0.15814849,
  "tau": 0.397679,
  "n_studies": 4,
  "total_n": 653,
  "benefit_direction": -1,
  "environment": "Python 3.11, NumPy 1.24.0, SciPy 1.11.0",
  "policy_fingerprint": "sha256:tervyx_v1_generated_entries"
}