{
  "seed": 20251005,
  "n_draws": 10000,
  "tau2_method": "REML",
  "delta": 5.0,
  "P_effect_gt_delta": 0.0,
  "mu_hat": 0.408496,
  "mu_CI95": [
    -0.31153,
    1.128522
  ],
  "var_mu": 0.13495358,
  "mu_se": 0.36736,
  "I2": 96.3,
  "tau2": 0.5029183,
  "tau": 0.709167,
  "n_studies": 4,
  "total_n": 612,
  "benefit_direction": 1,
  "environment": "Python 3.11, NumPy 1.24.0, SciPy 1.11.0",
  "policy_fingerprint": "sha256:tervyx_v1_generated_entries"
}