{
  "seed": 20251005,
  "n_draws": 10000,
  "tau2_method": "REML",
  "delta": 2.0,
  "P_effect_gt_delta": 1.0,
  "mu_hat": 3.145735,
  "mu_CI95": [
    2.794991,
    3.496479
  ],
  "var_mu": 0.03202347,
  "mu_se": 0.178951,
  "I2": 77.4,
  "tau2": 0.07280857,
  "tau": 0.269831,
  "n_studies": 4,
  "total_n": 568,
  "benefit_direction": -1,
  "environment": "Python 3.11, NumPy 1.24.0, SciPy 1.11.0",
  "policy_fingerprint": "sha256:tervyx_v1_generated_entries"
}