{
  "seed": 20251005,
  "n_draws": 10000,
  "tau2_method": "REML",
  "delta": 5.0,
  "P_effect_gt_delta": 0.0,
  "mu_hat": 0.389289,
  "mu_CI95": [
    -0.512326,
    1.290904
  ],
  "var_mu": 0.21160701,
  "mu_se": 0.460008,
  "I2": 96.3,
  "tau2": 0.80290838,
  "tau": 0.896052,
  "n_studies": 4,
  "total_n": 552,
  "benefit_direction": 1,
  "environment": "Python 3.11, NumPy 1.24.0, SciPy 1.11.0",
  "policy_fingerprint": "sha256:tervyx_v1_generated_entries"
}