{
  "seed": 20251005,
  "n_draws": 10000,
  "tau2_method": "REML",
  "delta": 5.0,
  "P_effect_gt_delta": 0.0,
  "mu_hat": 0.399097,
  "mu_CI95": [
    -0.562511,
    1.360704
  ],
  "var_mu": 0.24070417,
  "mu_se": 0.490616,
  "I2": 96.2,
  "tau2": 0.91337654,
  "tau": 0.955707,
  "n_studies": 4,
  "total_n": 643,
  "benefit_direction": 1,
  "environment": "Python 3.11, NumPy 1.24.0, SciPy 1.11.0",
  "policy_fingerprint": "sha256:tervyx_v1_generated_entries"
}