{
  "seed": 20251005,
  "n_draws": 10000,
  "tau2_method": "REML",
  "delta": 5.0,
  "P_effect_gt_delta": 0.0,
  "mu_hat": -2.031579,
  "mu_CI95": [
    -2.465152,
    -1.598006
  ],
  "var_mu": 0.04893414,
  "mu_se": 0.221211,
  "I2": 89.8,
  "tau2": 0.05992285,
  "tau": 0.244791,
  "n_studies": 2,
  "total_n": 259,
  "benefit_direction": 1,
  "environment": "Python 3.11, NumPy 1.24.0, SciPy 1.11.0",
  "policy_fingerprint": "sha256:tervyx_v1_generated_entries"
}