{
  "seed": 20251005,
  "n_draws": 10000,
  "tau2_method": "REML",
  "delta": 5.0,
  "P_effect_gt_delta": 0.0,
  "mu_hat": -1.405929,
  "mu_CI95": [
    -2.329944,
    -0.481914
  ],
  "var_mu": 0.22225198,
  "mu_se": 0.471436,
  "I2": 94.7,
  "tau2": 0.82679379,
  "tau": 0.909282,
  "n_studies": 4,
  "total_n": 548,
  "benefit_direction": 1,
  "environment": "Python 3.11, NumPy 1.24.0, SciPy 1.11.0",
  "policy_fingerprint": "sha256:tervyx_v1_generated_entries"
}